type, x coordinate, y coordinate
a, 2.03213, 4.37868
a, 2.27716, 3.68232
a, 3.59355, 6.4608
a, 5.81566, 3.89947
a, 6.88914, 7.65516
a, 7.08907, 3.97432
a, 6.89801, 5.92014
s, 4.39724, 4.13949
s, 3.32571, 7.08411
s, 2.95169, 7.50904
p, 0, 10
p, 5, 10
p, 10, 10
p, 10, 0
p, 3, 0
p, 0, 4
