type, x coordinate, y coordinate
a, 2.30308, 4.69583
a, 2.58078, 3.90663
a, 3.80602, 6.43447
a, 5.7119, 4.15274
a, 6.83833, 7.69124
a, 7.00081, 4.10594
a, 6.8467, 5.98291
s, 4.37454, 4.42475
s, 3.50247, 7.02216
s, 3.14846, 7.6124
p, 0, 10
p, 5, 10
p, 10, 10
p, 10, 0
p, 3, 0
p, 0, 4
