type, x coordinate, y coordinate
a, 1.375, 2.82143
a, 2.98214, 2.82143
a, 1.84286, 3.88492
s, 1.84286, 3.88492
p, 0, 5
p, 5, 5
p, 2, 0
