type, x coordinate, y coordinate
a, 3.38689, 5.96446
a, 3.79526, 4.80386
a, 4.65592, 6.32914
a, 5.2969, 5.16579
a, 6.6351, 7.83553
a, 6.64777, 4.63242
a, 6.64143, 6.23398
s, 4.28374, 5.56581
s, 4.20952, 6.77436
s, 3.93558, 8.02582
p, 0, 10
p, 5, 10
p, 10, 10
p, 10, 0
p, 3, 0
p, 0, 4
