type, x coordinate, y coordinate
a, 1.83333, 3.09524
a, 2.78571, 3.09524
a, 2.40476, 4.04762
s, 2.40476, 4.04762
p, 0, 5
p, 5, 5
p, 2, 0
