type, x coordinate, y coordinate
a, 3.19069, 6.58172
a, 3.72975, 4.67834
a, 4.22581, 6.43447
a, 5.46982, 4.89884
a, 6.83833, 8.40097
a, 6.95762, 4.27458
a, 6.84669, 6.07338
s, 4.32157, 5.42687
s, 3.63656, 7.02216
s, 4.30981, 7.52769
p, 0, 10
p, 5, 10
p, 10, 10
p, 10, 0
p, 3, 0
p, 0, 4
