type, x coordinate, y coordinate
a, 1.8, 2.93333
a, 2.94286, 2.90159
a, 2.34381, 3.73016
s, 2.34381, 3.73016
p, 0, 5
p, 5, 5
p, 2, 0
